imageWrapperWrapper src,price,nameTextWithEllipsis,subText,productV2discountedPrice
https://chaldn.com/_mpimage/casio-scientific-calculator-fx-991es-plus-1-pcs?src=https%3A%2F%2Feggyolk.chaldal.com%2Fapi%2FPicture%2FRaw%3FpictureId%3D54071&q=low&v=1&m=400&webp=1,1339,Casio Scientific Calculator (FX 991ES Plus),each,
https://chaldn.com/_mpimage/deli-scientific-calculator-1-pcs?src=https%3A%2F%2Feggyolk.chaldal.com%2Fapi%2FPicture%2FRaw%3FpictureId%3D64801&q=best&v=1&m=400&m=400&webp=1,850,Deli Scientific Calculator,each,599
https://chaldn.com/_mpimage/pencil-box-red-1-pcs?src=https%3A%2F%2Feggyolk.chaldal.com%2Fapi%2FPicture%2FRaw%3FpictureId%3D97818&q=best&v=1&m=400&webp=1,114,Pencil Box (Red),each,
https://chaldn.com/_mpimage/pencil-box-pink-1-pcs?src=https%3A%2F%2Feggyolk.chaldal.com%2Fapi%2FPicture%2FRaw%3FpictureId%3D97789&q=best&v=1&m=400&webp=1,114,Pencil Box (Pink),each,
https://chaldn.com/_mpimage/deli-compass-set-1-pcs?src=https%3A%2F%2Feggyolk.chaldal.com%2Fapi%2FPicture%2FRaw%3FpictureId%3D103648&q=best&v=1&m=400&webp=1,400,Deli Compass Set,each,
https://chaldn.com/_mpimage/lcd-writing-tablet-85-inches-1-pcs?src=https%3A%2F%2Feggyolk.chaldal.com%2Fapi%2FPicture%2FRaw%3FpictureId%3D130034&q=best&v=1&m=400&webp=1,345,LCD Writing Tablet 8.5 Inches,each,299
https://chaldn.com/_mpimage/pencil-box-blue-1-pcs?src=https%3A%2F%2Feggyolk.chaldal.com%2Fapi%2FPicture%2FRaw%3FpictureId%3D97787&q=best&v=1&m=400&webp=1,114,Pencil Box (Blue),each,
https://chaldn.com/_mpimage/university-khata-300-pages-1-pcs?src=https%3A%2F%2Feggyolk.chaldal.com%2Fapi%2FPicture%2FRaw%3FpictureId%3D114550&q=best&v=1&m=400&webp=1,169,University khata 300 Pages,each,
https://chaldn.com/_mpimage/faber-castell-hb-pencil-with-eraser-12-pcs?src=https%3A%2F%2Feggyolk.chaldal.com%2Fapi%2FPicture%2FRaw%3FpictureId%3D128271&q=best&v=1&m=400&webp=1,330,Faber Castell HB pencil (with Eraser),12 pcs,249
https://chaldn.com/_mpimage/spiral-universe-khata-with-margin-78497-120-pages-1-pcs?src=https%3A%2F%2Feggyolk.chaldal.com%2Fapi%2FPicture%2FRaw%3FpictureId%3D79182&q=best&v=1&m=400&webp=1,75,Spiral Universe Khata With Margin (78497) 120 pages,each,
https://chaldn.com/_mpimage/econo-exam-ball-pen-6-pcs?src=https%3A%2F%2Feggyolk.chaldal.com%2Fapi%2FPicture%2FRaw%3FpictureId%3D50428&q=best&v=1&m=400&m=400&webp=1,60,Econo Exam Ball Pen,6 pcs,
https://chaldn.com/_mpimage/fresh-standard-large-exercise-book-math-plain-204-pages-green-cover-1-pcs?src=https%3A%2F%2Feggyolk.chaldal.com%2Fapi%2FPicture%2FRaw%3FpictureId%3D101833&q=best&v=1&m=400&m=400&webp=1,65,Fresh Standard Large Exercise Book (Math Plain 204 Pages) Green Cover,each,
