imageWrapperWrapper src,productV2discountedPrice,price,nameTextWithEllipsis,subText
https://chaldn.com/_mpimage/kidstar-baby-diaper-belt-xl-12-25-kg-50-pcs?src=https%3A%2F%2Feggyolk.chaldal.com%2Fapi%2FPicture%2FRaw%3FpictureId%3D175795&q=best&v=1&m=400&webp=1,979,1400,Kidstar Baby Diaper Belt XL (12-25 kg),50 pcs
https://chaldn.com/_mpimage/savlon-twinkle-baby-pant-diaper-l-8-15-kg-48-pcs?src=https%3A%2F%2Feggyolk.chaldal.com%2Fapi%2FPicture%2FRaw%3FpictureId%3D74886&q=best&v=1&m=400&webp=1,1049,1200,Savlon Twinkle Baby Pant Diaper L 8-15 kg,48 pcs
https://chaldn.com/_mpimage/comfort-baby-diaper-pant-l-9-14-kg-36-pcs?src=https%3A%2F%2Feggyolk.chaldal.com%2Fapi%2FPicture%2FRaw%3FpictureId%3D109778&q=best&v=1&m=400&m=400&webp=1,619,880,Comfort Baby Diaper Pant L (9-14 kg),36 pcs
https://chaldn.com/_mpimage/savlon-twinkle-baby-new-born-diaper-belt-s-up-to-8-kg-44-pcs?src=https%3A%2F%2Feggyolk.chaldal.com%2Fapi%2FPicture%2FRaw%3FpictureId%3D68001&q=best&v=1&m=400&webp=1,969,1100,Savlon Twinkle Baby New Born Diaper Belt S Up TO 8 kg,44 pcs
https://chaldn.com/_mpimage/savlon-twinkle-baby-pant-diaper-xl-12-20-kg-22-pcs?src=https%3A%2F%2Feggyolk.chaldal.com%2Fapi%2FPicture%2FRaw%3FpictureId%3D74887&q=best&v=1&m=400&m=400&webp=1,519,750,Savlon Twinkle Baby Pant Diaper XL 12-20 kg,22 pcs
https://chaldn.com/_mpimage/savlon-twinkle-baby-belt-diaper-xl-11-25-kg-32-pcs?src=https%3A%2F%2Feggyolk.chaldal.com%2Fapi%2FPicture%2FRaw%3FpictureId%3D133238&q=best&v=1&m=400&webp=1,929,1100,Savlon Twinkle Baby Belt Diaper XL 11-25 Kg,32 pcs
https://chaldn.com/_mpimage/savlon-twinkle-baby-belt-diaper-l-7-18-kg-36-pcs?src=https%3A%2F%2Feggyolk.chaldal.com%2Fapi%2FPicture%2FRaw%3FpictureId%3D133237&q=best&v=1&m=400&m=400&webp=1,889,1100,Savlon Twinkle Baby Belt Diaper (L 7-18 kg),36 pcs
https://chaldn.com/_mpimage/savlon-twinkle-baby-pant-diaper-xl-12-20-kg-32-pcs?src=https%3A%2F%2Feggyolk.chaldal.com%2Fapi%2FPicture%2FRaw%3FpictureId%3D133243&q=best&v=1&m=400&webp=1,769,890,Savlon Twinkle Baby Pant Diaper XL 12-20 kg,32 pcs
https://chaldn.com/_mpimage/neocare-premium-baby-diaper-belt-l-7-18-kg-50-pcs?src=https%3A%2F%2Feggyolk.chaldal.com%2Fapi%2FPicture%2FRaw%3FpictureId%3D175827&q=best&v=1&m=400&webp=1,1389,1650,NeoCare Premium Baby Diaper Belt L (7-18 kg),50 pcs
https://chaldn.com/_mpimage/savlon-twinkle-baby-diaper-pant-xxl-14-25-kg-34-pcs?src=https%3A%2F%2Feggyolk.chaldal.com%2Fapi%2FPicture%2FRaw%3FpictureId%3D141641&q=best&v=1&m=400&webp=1,849,1200,Savlon Twinkle Baby Diaper Pant XXL (14-25 kg),34 pcs
https://chaldn.com/_mpimage/savlon-twinkle-baby-pant-diaper-xxl-14-25-kg-24-pcs?src=https%3A%2F%2Feggyolk.chaldal.com%2Fapi%2FPicture%2FRaw%3FpictureId%3D74889&q=best&v=1&m=400&webp=1,729,890,Savlon Twinkle Baby Pant Diaper XXL 14-25 kg,24 pcs
https://chaldn.com/_mpimage/savlon-twinkle-baby-diaper-pant-xl-12-20-kg-44-pcs?src=https%3A%2F%2Feggyolk.chaldal.com%2Fapi%2FPicture%2FRaw%3FpictureId%3D141640&q=best&v=1&m=400&webp=1,979,1200,Savlon Twinkle Baby Diaper Pant XL (12-20 kg),44 pcs
https://chaldn.com/_mpimage/fresh-happy-nappy-pant-diaper-l-9-14-kg-34-pcs?src=https%3A%2F%2Feggyolk.chaldal.com%2Fapi%2FPicture%2FRaw%3FpictureId%3D117368&q=best&v=1&m=400&webp=1,669,890,Fresh Happy Nappy Pant Diaper L (9-14 kg),34 pcs
https://chaldn.com/_mpimage/savlon-twinkle-baby-pant-diaper-l-8-15-kg-34-pcs?src=https%3A%2F%2Feggyolk.chaldal.com%2Fapi%2FPicture%2FRaw%3FpictureId%3D74885&q=best&v=1&m=400&webp=1,719,890,Savlon Twinkle Baby Pant Diaper L 8-15 kg,34 pcs
https://chaldn.com/_mpimage/kidstar-baby-diaper-belt-xl-12-25-kg-50-pcs?src=https%3A%2F%2Feggyolk.chaldal.com%2Fapi%2FPicture%2FRaw%3FpictureId%3D175795&q=best&v=1&m=400&webp=1,979,1400,Kidstar Baby Diaper Belt XL (12-25 kg),50 pcs
https://chaldn.com/_mpimage/molfix-baby-diaper-pants-super-pack-extra-large-15-kg-58-pcs?src=https%3A%2F%2Feggyolk.chaldal.com%2Fapi%2FPicture%2FRaw%3FpictureId%3D157293&q=best&v=1&m=400&webp=1,,3480,Molfix Baby Diaper Pants Super Pack Extra Large 15+ kg,58 pcs
https://chaldn.com/_mpimage/comfort-baby-diaper-pant-xxxl-20-30-kg-24-pcs?src=https%3A%2F%2Feggyolk.chaldal.com%2Fapi%2FPicture%2FRaw%3FpictureId%3D186028&q=best&v=1&m=400&webp=1,639,880,Comfort Baby Diaper Pant XXXL (20-30 kg),24 pcs
https://chaldn.com/_mpimage/nannys-baby-love-diaper-belt-4-maxi-8-18-kg-free-wipes-72-pcs-25-pcs?src=https%3A%2F%2Feggyolk.chaldal.com%2Fapi%2FPicture%2FRaw%3FpictureId%3D158014&q=best&v=1&m=400&webp=1,639,925,Nannys Baby Love Diaper Belt 4 Maxi 8-18 kg  (Free Wipes 72 pcs),25 pcs
https://chaldn.com/_mpimage/savlon-twinkle-baby-pant-diaper-xl-12-20-kg-22-pcs?src=https%3A%2F%2Feggyolk.chaldal.com%2Fapi%2FPicture%2FRaw%3FpictureId%3D74887&q=best&v=1&m=400&m=400&webp=1,519,750,Savlon Twinkle Baby Pant Diaper XL 12-20 kg,22 pcs
https://chaldn.com/_mpimage/savlon-twinkle-baby-belt-diaper-xl-11-25-kg-32-pcs?src=https%3A%2F%2Feggyolk.chaldal.com%2Fapi%2FPicture%2FRaw%3FpictureId%3D133238&q=best&v=1&m=400&webp=1,929,1100,Savlon Twinkle Baby Belt Diaper XL 11-25 Kg,32 pcs
https://chaldn.com/_mpimage/savlon-twinkle-baby-pant-diaper-xl-12-20-kg-32-pcs?src=https%3A%2F%2Feggyolk.chaldal.com%2Fapi%2FPicture%2FRaw%3FpictureId%3D133243&q=best&v=1&m=400&webp=1,769,890,Savlon Twinkle Baby Pant Diaper XL 12-20 kg,32 pcs
https://chaldn.com/_mpimage/avonee-pants-double-extra-large-14-25-kg-24-pcs?src=https%3A%2F%2Feggyolk.chaldal.com%2Fapi%2FPicture%2FRaw%3FpictureId%3D155920&q=best&v=1&m=400&webp=1,679,890,Avonee Pants Double Extra Large 14-25 kg,24 pcs
https://chaldn.com/_mpimage/savlon-twinkle-baby-diaper-pant-xxl-14-25-kg-34-pcs?src=https%3A%2F%2Feggyolk.chaldal.com%2Fapi%2FPicture%2FRaw%3FpictureId%3D141641&q=best&v=1&m=400&webp=1,849,1200,Savlon Twinkle Baby Diaper Pant XXL (14-25 kg),34 pcs
https://chaldn.com/_mpimage/savlon-twinkle-baby-pant-diaper-xxl-14-25-kg-24-pcs?src=https%3A%2F%2Feggyolk.chaldal.com%2Fapi%2FPicture%2FRaw%3FpictureId%3D74889&q=best&v=1&m=400&webp=1,729,890,Savlon Twinkle Baby Pant Diaper XXL 14-25 kg,24 pcs
https://chaldn.com/_mpimage/savlon-twinkle-baby-diaper-pant-xl-12-20-kg-44-pcs?src=https%3A%2F%2Feggyolk.chaldal.com%2Fapi%2FPicture%2FRaw%3FpictureId%3D141640&q=best&v=1&m=400&webp=1,979,1200,Savlon Twinkle Baby Diaper Pant XL (12-20 kg),44 pcs
https://chaldn.com/_mpimage/fresh-happy-nappy-pant-diaper-xl-12-17-kg-32-pcs?src=https%3A%2F%2Feggyolk.chaldal.com%2Fapi%2FPicture%2FRaw%3FpictureId%3D117369&q=best&v=1&m=400&webp=1,699,890,Fresh Happy Nappy Pant Diaper XL (12 -17 kg),32 pcs
https://chaldn.com/_mpimage/fresh-happy-nappy-pant-diaper-xxl-12-25-kg-4-pcs?src=https%3A%2F%2Feggyolk.chaldal.com%2Fapi%2FPicture%2FRaw%3FpictureId%3D117365&q=best&v=1&m=400&webp=1,119,140,Fresh Happy Nappy Pant Diaper XXL (12-25 kg),4 pcs
https://chaldn.com/_mpimage/fresh-happy-nappy-pant-diaper-xxl-12-25-kg-24-pcs?src=https%3A%2F%2Feggyolk.chaldal.com%2Fapi%2FPicture%2FRaw%3FpictureId%3D117370&q=best&v=1&m=400&webp=1,669,890,Fresh Happy Nappy Pant Diaper XXL (12-25 kg),24 pcs
https://chaldn.com/_mpimage/fresh-happy-nappy-pant-diaper-xl-12-17-kg-4-pcs?src=https%3A%2F%2Feggyolk.chaldal.com%2Fapi%2FPicture%2FRaw%3FpictureId%3D128635&q=best&v=1&m=400&m=400&webp=1,139,140,Fresh Happy Nappy Pant Diaper XL (12 -17 kg),4 pcs
https://chaldn.com/_mpimage/pampers-baby-dry-8-jumbo-plus-belt-17-kg-52-pcs?src=https%3A%2F%2Feggyolk.chaldal.com%2Fapi%2FPicture%2FRaw%3FpictureId%3D67913&q=best&v=1&m=400&webp=1,,4499,Pampers Baby Dry 8 Jumbo Plus Belt 17+ kg,52 pcs
https://chaldn.com/_mpimage/smart-care-ultra-thin-baby-pant-diaper-xl-12-17-kg-46-pcs?src=https%3A%2F%2Feggyolk.chaldal.com%2Fapi%2FPicture%2FRaw%3FpictureId%3D184640&q=best&v=1&m=400&m=400&webp=1,1749,2300,Smart Care Ultra Thin Baby Pant Diaper XL (12-17 kg),46 pcs
https://chaldn.com/_mpimage/smart-care-ultra-thin-baby-pant-diaper-xxl-15-25-kg-42-pcs?src=https%3A%2F%2Feggyolk.chaldal.com%2Fapi%2FPicture%2FRaw%3FpictureId%3D184562&q=best&v=1&m=400&webp=1,1789,2300,Smart Care Ultra Thin Baby Pant Diaper XXL (15-25 kg),42 pcs
https://chaldn.com/_mpimage/kidstar-baby-diaper-belt-s-3-8-kg-66-pcs?src=https%3A%2F%2Feggyolk.chaldal.com%2Fapi%2FPicture%2FRaw%3FpictureId%3D132615&q=best&v=1&m=400&webp=1,979,1400,Kidstar Baby Diaper Belt S (3-8 kg),66 pcs
https://chaldn.com/_mpimage/neocare-premium-baby-diaper-belt-s-3-6-kg-50-pcs?src=https%3A%2F%2Feggyolk.chaldal.com%2Fapi%2FPicture%2FRaw%3FpictureId%3D175826&q=best&v=1&m=400&webp=1,1049,1200,NeoCare Premium Baby Diaper Belt S (3-6 kg),50 pcs
https://chaldn.com/_mpimage/avonee-baby-diaper-pants-s-4-8-kg-5-pcs?src=https%3A%2F%2Feggyolk.chaldal.com%2Fapi%2FPicture%2FRaw%3FpictureId%3D154390&q=best&v=1&m=400&m=400&webp=1,119,140,Avonee Baby Diaper Pants S (4-8 kg),5 pcs
https://chaldn.com/_mpimage/supermom-baby-diaper-belt-s-3-8-kg-5-pcs?src=https%3A%2F%2Feggyolk.chaldal.com%2Fapi%2FPicture%2FRaw%3FpictureId%3D137041&q=best&v=1&m=400&webp=1,139,145,Supermom Baby Diaper Belt S (3- 8 kg),5 pcs
https://chaldn.com/_mpimage/savlon-twinkle-baby-pant-diaper-s-8-kg-60-pcs?src=https%3A%2F%2Feggyolk.chaldal.com%2Fapi%2FPicture%2FRaw%3FpictureId%3D74882&q=best&v=1&m=400&m=400&webp=1,859,1200,Savlon Twinkle Baby Pant Diaper S 8 kg,60 pcs
https://chaldn.com/_mpimage/savlon-twinkle-baby-pant-diaper-s-8-kg-42-pcs?src=https%3A%2F%2Feggyolk.chaldal.com%2Fapi%2FPicture%2FRaw%3FpictureId%3D74881&q=best&v=1&m=400&webp=1,779,890,Savlon Twinkle Baby Pant Diaper S 8 kg,42 pcs
https://chaldn.com/_mpimage/comfort-baby-diaper-pant-m-7-12-kg-40-pcs?src=https%3A%2F%2Feggyolk.chaldal.com%2Fapi%2FPicture%2FRaw%3FpictureId%3D109775&q=best&v=1&m=400&m=400&webp=1,619,880,Comfort Baby Diaper Pant M (7-12 kg),40 pcs
https://chaldn.com/_mpimage/savlon-twinkle-baby-pant-diaper-m-6-12-kg-50-pcs?src=https%3A%2F%2Feggyolk.chaldal.com%2Fapi%2FPicture%2FRaw%3FpictureId%3D74884&q=best&v=1&m=400&webp=1,899,1200,Savlon Twinkle Baby Pant Diaper M 6-12 kg,50 pcs
https://chaldn.com/_mpimage/savlon-twinkle-baby-new-born-diaper-belt-s-up-to-8-kg-44-pcs?src=https%3A%2F%2Feggyolk.chaldal.com%2Fapi%2FPicture%2FRaw%3FpictureId%3D68001&q=best&v=1&m=400&webp=1,969,1100,Savlon Twinkle Baby New Born Diaper Belt S Up TO 8 kg,44 pcs
https://chaldn.com/_mpimage/avonee-mini-2-baby-diaper-pants-s-4-8-kg-42-pcs?src=https%3A%2F%2Feggyolk.chaldal.com%2Fapi%2FPicture%2FRaw%3FpictureId%3D155918&q=best&v=1&m=400&webp=1,799,890,Avonee Mini 2 Baby Diaper Pants S 4-8 kg,42 pcs
https://chaldn.com/_mpimage/fresh-happy-nappy-pant-diaper-s-4-8-kg-42-pcs?src=https%3A%2F%2Feggyolk.chaldal.com%2Fapi%2FPicture%2FRaw%3FpictureId%3D117366&q=best&v=1&m=400&m=400&webp=1,739,890,Fresh Happy Nappy Pant Diaper S (4-8 kg),42 pcs
https://chaldn.com/_mpimage/savlon-twinkle-baby-pant-diaper-m-6-12-kg-40-pcs?src=https%3A%2F%2Feggyolk.chaldal.com%2Fapi%2FPicture%2FRaw%3FpictureId%3D74883&q=best&v=1&m=400&webp=1,769,890,Savlon Twinkle Baby Pant Diaper M 6-12 kg,40 pcs
https://chaldn.com/_mpimage/neocare-premium-baby-diaper-belt-l-7-18-kg-50-pcs?src=https%3A%2F%2Feggyolk.chaldal.com%2Fapi%2FPicture%2FRaw%3FpictureId%3D175827&q=best&v=1&m=400&webp=1,1389,1650,NeoCare Premium Baby Diaper Belt L (7-18 kg),50 pcs
https://chaldn.com/_mpimage/fresh-happy-nappy-pant-diaper-s-4-8-kg-5-pcs?src=https%3A%2F%2Feggyolk.chaldal.com%2Fapi%2FPicture%2FRaw%3FpictureId%3D117364&q=best&v=1&m=400&m=400&webp=1,119,140,Fresh Happy Nappy Pant Diaper S (4-8 kg),5 pcs
https://chaldn.com/_mpimage/kidstar-baby-diaper-belt-s-3-8-kg-66-pcs?src=https%3A%2F%2Feggyolk.chaldal.com%2Fapi%2FPicture%2FRaw%3FpictureId%3D132615&q=best&v=1&m=400&webp=1,979,1400,Kidstar Baby Diaper Belt S (3-8 kg),66 pcs
https://chaldn.com/_mpimage/neocare-premium-baby-diaper-belt-s-3-6-kg-50-pcs?src=https%3A%2F%2Feggyolk.chaldal.com%2Fapi%2FPicture%2FRaw%3FpictureId%3D175826&q=best&v=1&m=400&webp=1,1049,1200,NeoCare Premium Baby Diaper Belt S (3-6 kg),50 pcs
https://chaldn.com/_mpimage/avonee-baby-diaper-pants-s-4-8-kg-5-pcs?src=https%3A%2F%2Feggyolk.chaldal.com%2Fapi%2FPicture%2FRaw%3FpictureId%3D154390&q=best&v=1&m=400&m=400&webp=1,119,140,Avonee Baby Diaper Pants S (4-8 kg),5 pcs
https://chaldn.com/_mpimage/supermom-baby-diaper-belt-s-3-8-kg-5-pcs?src=https%3A%2F%2Feggyolk.chaldal.com%2Fapi%2FPicture%2FRaw%3FpictureId%3D137041&q=best&v=1&m=400&webp=1,139,145,Supermom Baby Diaper Belt S (3- 8 kg),5 pcs
https://chaldn.com/_mpimage/savlon-twinkle-baby-new-born-diaper-belt-s-up-to-8-kg-44-pcs?src=https%3A%2F%2Feggyolk.chaldal.com%2Fapi%2FPicture%2FRaw%3FpictureId%3D68001&q=best&v=1&m=400&webp=1,969,1100,Savlon Twinkle Baby New Born Diaper Belt S Up TO 8 kg,44 pcs
https://chaldn.com/_mpimage/kidstar-baby-diaper-belt-s-3-8-kg-66-pcs?src=https%3A%2F%2Feggyolk.chaldal.com%2Fapi%2FPicture%2FRaw%3FpictureId%3D132615&q=best&v=1&m=400&webp=1,979,1400,Kidstar Baby Diaper Belt S (3-8 kg),66 pcs
https://chaldn.com/_mpimage/avonee-baby-diaper-pants-s-4-8-kg-5-pcs?src=https%3A%2F%2Feggyolk.chaldal.com%2Fapi%2FPicture%2FRaw%3FpictureId%3D154390&q=best&v=1&m=400&m=400&webp=1,119,140,Avonee Baby Diaper Pants S (4-8 kg),5 pcs
https://chaldn.com/_mpimage/supermom-baby-diaper-belt-s-3-8-kg-5-pcs?src=https%3A%2F%2Feggyolk.chaldal.com%2Fapi%2FPicture%2FRaw%3FpictureId%3D137041&q=best&v=1&m=400&webp=1,139,145,Supermom Baby Diaper Belt S (3- 8 kg),5 pcs
https://chaldn.com/_mpimage/savlon-twinkle-baby-pant-diaper-s-8-kg-60-pcs?src=https%3A%2F%2Feggyolk.chaldal.com%2Fapi%2FPicture%2FRaw%3FpictureId%3D74882&q=best&v=1&m=400&m=400&webp=1,859,1200,Savlon Twinkle Baby Pant Diaper S 8 kg,60 pcs
https://chaldn.com/_mpimage/savlon-twinkle-baby-pant-diaper-s-8-kg-42-pcs?src=https%3A%2F%2Feggyolk.chaldal.com%2Fapi%2FPicture%2FRaw%3FpictureId%3D74881&q=best&v=1&m=400&webp=1,779,890,Savlon Twinkle Baby Pant Diaper S 8 kg,42 pcs
https://chaldn.com/_mpimage/kidstar-baby-diaper-belt-xl-12-25-kg-50-pcs?src=https%3A%2F%2Feggyolk.chaldal.com%2Fapi%2FPicture%2FRaw%3FpictureId%3D175795&q=best&v=1&m=400&webp=1,979,1400,Kidstar Baby Diaper Belt XL (12-25 kg),50 pcs
https://chaldn.com/_mpimage/comfort-baby-diaper-pant-m-7-12-kg-40-pcs?src=https%3A%2F%2Feggyolk.chaldal.com%2Fapi%2FPicture%2FRaw%3FpictureId%3D109775&q=best&v=1&m=400&m=400&webp=1,619,880,Comfort Baby Diaper Pant M (7-12 kg),40 pcs
https://chaldn.com/_mpimage/savlon-twinkle-baby-pant-diaper-l-8-15-kg-48-pcs?src=https%3A%2F%2Feggyolk.chaldal.com%2Fapi%2FPicture%2FRaw%3FpictureId%3D74886&q=best&v=1&m=400&webp=1,1049,1200,Savlon Twinkle Baby Pant Diaper L 8-15 kg,48 pcs
https://chaldn.com/_mpimage/savlon-twinkle-baby-pant-diaper-m-6-12-kg-50-pcs?src=https%3A%2F%2Feggyolk.chaldal.com%2Fapi%2FPicture%2FRaw%3FpictureId%3D74884&q=best&v=1&m=400&webp=1,899,1200,Savlon Twinkle Baby Pant Diaper M 6-12 kg,50 pcs
https://chaldn.com/_mpimage/comfort-baby-diaper-pant-l-9-14-kg-36-pcs?src=https%3A%2F%2Feggyolk.chaldal.com%2Fapi%2FPicture%2FRaw%3FpictureId%3D109778&q=best&v=1&m=400&m=400&webp=1,619,880,Comfort Baby Diaper Pant L (9-14 kg),36 pcs
https://chaldn.com/_mpimage/savlon-twinkle-baby-new-born-diaper-belt-s-up-to-8-kg-44-pcs?src=https%3A%2F%2Feggyolk.chaldal.com%2Fapi%2FPicture%2FRaw%3FpictureId%3D68001&q=best&v=1&m=400&webp=1,969,1100,Savlon Twinkle Baby New Born Diaper Belt S Up TO 8 kg,44 pcs
https://chaldn.com/_mpimage/savlon-twinkle-baby-pant-diaper-xl-12-20-kg-22-pcs?src=https%3A%2F%2Feggyolk.chaldal.com%2Fapi%2FPicture%2FRaw%3FpictureId%3D74887&q=best&v=1&m=400&m=400&webp=1,519,750,Savlon Twinkle Baby Pant Diaper XL 12-20 kg,22 pcs
https://chaldn.com/_mpimage/savlon-twinkle-baby-belt-diaper-xl-11-25-kg-32-pcs?src=https%3A%2F%2Feggyolk.chaldal.com%2Fapi%2FPicture%2FRaw%3FpictureId%3D133238&q=best&v=1&m=400&webp=1,929,1100,Savlon Twinkle Baby Belt Diaper XL 11-25 Kg,32 pcs
https://chaldn.com/_mpimage/avonee-mini-2-baby-diaper-pants-s-4-8-kg-42-pcs?src=https%3A%2F%2Feggyolk.chaldal.com%2Fapi%2FPicture%2FRaw%3FpictureId%3D155918&q=best&v=1&m=400&webp=1,799,890,Avonee Mini 2 Baby Diaper Pants S 4-8 kg,42 pcs
https://chaldn.com/_mpimage/fresh-happy-nappy-pant-diaper-m-7-12-kg-5-pcs?src=https%3A%2F%2Feggyolk.chaldal.com%2Fapi%2FPicture%2FRaw%3FpictureId%3D117362&q=best&v=1&m=400&webp=1,99,140,Fresh Happy Nappy Pant Diaper M (7-12 kg),5 pcs
https://chaldn.com/_mpimage/savlon-twinkle-baby-belt-diaper-l-7-18-kg-36-pcs?src=https%3A%2F%2Feggyolk.chaldal.com%2Fapi%2FPicture%2FRaw%3FpictureId%3D133237&q=best&v=1&m=400&m=400&webp=1,889,1100,Savlon Twinkle Baby Belt Diaper (L 7-18 kg),36 pcs
https://chaldn.com/_mpimage/fresh-happy-nappy-pant-diaper-m-7-12-kg-40-pcs?src=https%3A%2F%2Feggyolk.chaldal.com%2Fapi%2FPicture%2FRaw%3FpictureId%3D117363&q=best&v=1&m=400&webp=1,719,890,Fresh Happy Nappy Pant Diaper M (7- 12 kg),40 pcs
https://chaldn.com/_mpimage/savlon-twinkle-baby-pant-diaper-m-6-12-kg-40-pcs?src=https%3A%2F%2Feggyolk.chaldal.com%2Fapi%2FPicture%2FRaw%3FpictureId%3D74883&q=best&v=1&m=400&webp=1,769,890,Savlon Twinkle Baby Pant Diaper M 6-12 kg,40 pcs
https://chaldn.com/_mpimage/savlon-twinkle-baby-pant-diaper-xl-12-20-kg-32-pcs?src=https%3A%2F%2Feggyolk.chaldal.com%2Fapi%2FPicture%2FRaw%3FpictureId%3D133243&q=best&v=1&m=400&webp=1,769,890,Savlon Twinkle Baby Pant Diaper XL 12-20 kg,32 pcs
https://chaldn.com/_mpimage/neocare-premium-baby-diaper-belt-l-7-18-kg-50-pcs?src=https%3A%2F%2Feggyolk.chaldal.com%2Fapi%2FPicture%2FRaw%3FpictureId%3D175827&q=best&v=1&m=400&webp=1,1389,1650,NeoCare Premium Baby Diaper Belt L (7-18 kg),50 pcs
https://chaldn.com/_mpimage/savlon-twinkle-baby-pant-diaper-l-8-15-kg-34-pcs?src=https%3A%2F%2Feggyolk.chaldal.com%2Fapi%2FPicture%2FRaw%3FpictureId%3D74885&q=best&v=1&m=400&webp=1,719,890,Savlon Twinkle Baby Pant Diaper L 8-15 kg,34 pcs
https://chaldn.com/_mpimage/smart-care-ultra-thin-baby-pant-diaper-m-6-11-kg-54-pcs?src=https%3A%2F%2Feggyolk.chaldal.com%2Fapi%2FPicture%2FRaw%3FpictureId%3D184561&q=best&v=1&m=400&webp=1,1769,2300,Smart Care Ultra Thin Baby Pant Diaper M (6-11 kg),54 pcs
https://chaldn.com/_mpimage/farlin-herbal-baby-wet-wipes-85-pcs?src=https%3A%2F%2Feggyolk.chaldal.com%2Fapi%2FPicture%2FRaw%3FpictureId%3D109141&q=best&v=1&m=400&m=400&webp=1,615,,Farlin Herbal Baby Wet Wipes,85 pcs
https://chaldn.com/_mpimage/avonee-baby-wet-wipes-120-pcs?src=https%3A%2F%2Feggyolk.chaldal.com%2Fapi%2FPicture%2FRaw%3FpictureId%3D154255&q=best&v=1&m=400&webp=1,250,,Avonee Baby Wet Wipes,120 pcs
https://chaldn.com/_mpimage/neocare-baby-wipes-180-pcs?src=https%3A%2F%2Feggyolk.chaldal.com%2Fapi%2FPicture%2FRaw%3FpictureId%3D132012&q=best&v=1&m=400&webp=1,260,,NeoCare Baby Wipes,180 pcs
https://chaldn.com/_mpimage/fresh-happy-nappy-baby-wipes-jar-160-pcs?src=https%3A%2F%2Feggyolk.chaldal.com%2Fapi%2FPicture%2FRaw%3FpictureId%3D139024&q=best&v=1&m=400&webp=1,220,,Fresh Happy Nappy Baby Wipes (Jar),160 pcs
https://chaldn.com/_mpimage/freshmaker-jumbo-baby-wet-wipes-120-pcs?src=https%3A%2F%2Feggyolk.chaldal.com%2Fapi%2FPicture%2FRaw%3FpictureId%3D128656&q=best&v=1&m=400&webp=1,325,,Freshmaker Jumbo Baby Wet Wipes,120 pcs
https://chaldn.com/_mpimage/comfort-baby-wet-wipes-yellow-jar-170-pcs?src=https%3A%2F%2Feggyolk.chaldal.com%2Fapi%2FPicture%2FRaw%3FpictureId%3D111147&q=best&v=1&m=400&webp=1,225,,Comfort Baby Wet Wipes (Yellow Jar),170 pcs
https://chaldn.com/_mpimage/fresh-happy-nappy-baby-wipes-pouch-pack-120-pcs?src=https%3A%2F%2Feggyolk.chaldal.com%2Fapi%2FPicture%2FRaw%3FpictureId%3D139023&q=best&v=1&m=400&webp=1,200,,Fresh Happy Nappy Baby Wipes (Pouch Pack),120 pcs
https://chaldn.com/_mpimage/supermom-premium-mild-baby-wipes-120-pcs?src=https%3A%2F%2Feggyolk.chaldal.com%2Fapi%2FPicture%2FRaw%3FpictureId%3D100392&q=best&v=1&m=400&webp=1,235,,Supermom Premium Mild Baby Wipes,120 pcs
https://chaldn.com/_mpimage/pozzy-premium-hygienic-baby-wet-towel-wipes-120-pcs?src=https%3A%2F%2Feggyolk.chaldal.com%2Fapi%2FPicture%2FRaw%3FpictureId%3D153854&q=best&v=1&m=400&webp=1,235,,Pozzy Premium Hygienic Baby Wet Towel Wipes,120 pcs
https://chaldn.com/_mpimage/savlon-baby-wipes-jar-100-pcs?src=https%3A%2F%2Feggyolk.chaldal.com%2Fapi%2FPicture%2FRaw%3FpictureId%3D157854&q=best&v=1&m=400&webp=1,200,,Savlon Baby Wipes Jar,100 pcs
https://chaldn.com/_mpimage/savlon-baby-wipes-jar-160-pcs?src=https%3A%2F%2Feggyolk.chaldal.com%2Fapi%2FPicture%2FRaw%3FpictureId%3D133168&q=best&v=1&m=400&webp=1,230,,Savlon Baby Wipes Jar,160 pcs
https://chaldn.com/_mpimage/neocare-baby-wipes-120-pcs?src=https%3A%2F%2Feggyolk.chaldal.com%2Fapi%2FPicture%2FRaw%3FpictureId%3D67437&q=best&v=1&m=400&webp=1,235,,NeoCare Baby Wipes,120 pcs
https://chaldn.com/_mpimage/savlon-twinkle-baby-wipes-120-pcs?src=https%3A%2F%2Feggyolk.chaldal.com%2Fapi%2FPicture%2FRaw%3FpictureId%3D133244&q=best&v=1&m=400&webp=1,285,,Savlon Twinkle Baby Wipes,120 pcs
https://chaldn.com/_mpimage/aci-twinkle-baby-wipes-jar-120-pcs?src=https%3A%2F%2Feggyolk.chaldal.com%2Fapi%2FPicture%2FRaw%3FpictureId%3D122871&q=best&v=1&m=400&webp=1,200,,ACI Twinkle Baby Wipes Jar,120 pcs
https://chaldn.com/_mpimage/aci-twinkle-baby-wipes-jar-160-pcs?src=https%3A%2F%2Feggyolk.chaldal.com%2Fapi%2FPicture%2FRaw%3FpictureId%3D122872&q=best&v=1&m=400&m=400&webp=1,250,,ACI Twinkle Baby Wipes Jar,160 pcs
https://chaldn.com/_mpimage/comfort-baby-wet-wipes-120-pcs?src=https%3A%2F%2Feggyolk.chaldal.com%2Fapi%2FPicture%2FRaw%3FpictureId%3D109787&q=best&v=1&m=400&m=400&webp=1,185,,Comfort Baby Wet Wipes,120 pcs
https://chaldn.com/_mpimage/aci-savlon-baby-wipes-antibacterial-120-pcs?src=https%3A%2F%2Feggyolk.chaldal.com%2Fapi%2FPicture%2FRaw%3FpictureId%3D181752&q=best&v=1&m=400&webp=1,285,,ACI Savlon Baby Wipes (Antibacterial),120 pcs
https://chaldn.com/_mpimage/bashundhara-baby-wipes-120-pcs?src=https%3A%2F%2Feggyolk.chaldal.com%2Fapi%2FPicture%2FRaw%3FpictureId%3D89551&q=best&v=1&m=400&webp=1,180,,Bashundhara Baby Wipes,120 pcs
https://chaldn.com/_mpimage/bashundhara-baby-wipes-sky-blue-120-pcs?src=https%3A%2F%2Feggyolk.chaldal.com%2Fapi%2FPicture%2FRaw%3FpictureId%3D91973&q=best&v=1&m=400&m=400&webp=1,180,,Bashundhara Baby Wipes (Sky Blue),120 pcs
https://chaldn.com/_mpimage/smc-smile-baby-wipes-80-pcs?src=https%3A%2F%2Feggyolk.chaldal.com%2Fapi%2FPicture%2FRaw%3FpictureId%3D134857&q=best&v=1&m=400&webp=1,200,,SMC Smile Baby Wipes,80 pcs
https://chaldn.com/_mpimage/supermom-mild-baby-wipes-80-pcs?src=https%3A%2F%2Feggyolk.chaldal.com%2Fapi%2FPicture%2FRaw%3FpictureId%3D136005&q=best&v=1&m=400&m=400&webp=1,210,,Supermom Mild Baby Wipes,80 pcs
https://chaldn.com/_mpimage/farlin-moisture-anti-rash-wet-wipes-pink-85-pcs?src=https%3A%2F%2Feggyolk.chaldal.com%2Fapi%2FPicture%2FRaw%3FpictureId%3D128377&q=best&v=1&m=400&webp=1,615,,Farlin Moisture Anti Rash Wet Wipes Pink,85 pcs
